{"model_type": "TextCNN", "vocab_size": 5524, "embedding_dim": 100, "num_filters": 100, "filter_sizes": [3, 4, 5], "accuracy": 0.9829596412556054, "precision": 0.9642857142857143, "recall": 0.9060402684563759, "f1": 0.9342560553633218}